cs-AI, cs
cs-AR, cs
cs-CC, cs
cs-CE, cs
cs-CG, cs
cs-CL, cs
cs-CR, cs
cs-CV, cs
cs-CY, cs
cs-DB, cs
cs-DC, cs
cs-DL, cs
cs-DM, cs
cs-DS, cs
cs-ET, cs
cs-FL, cs
cs-GL, cs
cs-GR, cs
cs-GT, cs
cs-HC, cs
cs-IR, cs
cs-IT, cs
cs-LG, cs
cs-LO, cs
cs-MA, cs
cs-MM, cs
cs-MS, cs
cs-NA, cs
cs-NE, cs
cs-NI, cs
cs-OH, cs
cs-OS, cs
cs-PF, cs
cs-PL, cs
cs-RO, cs
cs-SC, cs
cs-SD, cs
cs-SE, cs
cs-SI, cs
cs-SY, cs
econ-EM, econ
econ-GN, econ
econ-TH, econ
eess-AS, eess
eess-IV, eess
eess-SP, eess
eess-SY, eess
math-AC, math
math-AG, math
math-AP, math
math-AT, math
math-CA, math
math-CO, math
math-CT, math
math-CV, math
math-DG, math
math-DS, math
math-FA, math
math-GM, math
math-GN, math
math-GR, math
math-GT, math
math-HO, math
math-IT, math
math-KT, math
math-LO, math
math-MG, math
math-MP, math
math-NA, math
math-NT, math
math-OA, math
math-OC, math
math-PR, math
math-QA, math
math-RA, math
math-RT, math
math-SG, math
math-SP, math
math-ST, math
astro-ph-CO, astro-ph
astro-ph-EP, astro-ph
astro-ph-GA, astro-ph
astro-ph-HE, astro-ph
astro-ph-IM, astro-ph
astro-ph-SR, astro-ph
cond-mat-dis-nn, cond-mat
cond-mat-mes-hall, cond-mat
cond-mat-mtrl-sci, cond-mat
cond-mat-other, cond-mat
cond-mat-quant-gas, cond-mat
cond-mat-soft, cond-mat
cond-mat-stat-mech, cond-mat
cond-mat-str-el, cond-mat
cond-mat-supr-con, cond-mat
gr-qc, gr-qc 
hep-ex, hep-ex
hep-lat, hep-lat
hep-ph, hep-ph
hep-ph, hep-ph
math-ph, math-ph
nlin-AO, nlin
nlin-CD, nlin
nlin-CG, nlin
nlin-PS, nlin
nlin-SI, nlin
nucl-ex, nucl-ex
nucl-th, nucl-th
physics-acc-ph, physics
physics-ao-ph, physics
physics-app-ph, physics
physics-atm-clus, physics
physics-atom-ph, physics
physics-bio-ph, physics
physics-chem-ph, physics
physics-class-ph, physics
physics-comp-ph, physics
physics-data-an, physics
physics-ed-ph, physics
physics-flu-dyn, physics
physics-gen-ph, physics
physics-geo-ph, physics
physics-hist-ph, physics
physics-ins-det, physics
physics-med-ph, physics
physics-optics, physics
physics-plasm-ph, physics
physics-pop-ph, physics
physics-soc-ph, physics
physics-space-ph, physics
quant-ph, quant-ph
q-bio-BM, q-bio
q-bio-CB, q-bio
q-bio-GN, q-bio
q-bio-MN, q-bio
q-bio-NC, q-bio
q-bio-OT, q-bio
q-bio-PE, q-bio
q-bio-QM, q-bio
q-bio-SC, q-bio
q-bio-TO, q-bio
q-fin-CP, q-bio
q-fin-EC, q-bio
q-fin-GN, q-bio
q-fin-MF, q-bio
q-fin-PM, q-bio
q-fin-PR, q-bio
q-fin-RM, q-bio
q-fin-ST, q-bio
q-fin-TR, q-bio
stat-AP, stat
stat-CO, stat
stat-ME, stat
stat-ML, stat
stat-OT, stat
stat-TH, stat